Film,Year,IMDB LINK,Image File Name,Agency Credit,Artist Credit,Director/Filmmaker Name,Director/Filmmaker IMDB Link
*batteries not included,1987,http://imdb.com/title/tt0092494/,batteriesnotincluded_pf,Courtesy of Photofest,Directed by,Matthew Robbins,http://imdb.com/name/nm0730422/
12 Angry Men,1957,http://imdb.com/title/tt0050083/,12AngryMen_pf,Courtesy of Photofest,Directed by,Sidney Lumet,http://imdb.com/name/nm0001486/
13 Going on 30,2004,http://www.imdb.com/title/tt0337563/,13Goingon30_ec,"Courtesy of Everett Collection, Inc.",Directed by,Gary Winick,http://imdb.com/name/nm0935095/
15 Minutes,2001,http://www.imdb.com/title/tt0179626/,,,Directed by,John Herzfeld,http://imdb.com/name/nm0381273/
25th Hour,2002,http://www.imdb.com/title/tt0307901/,25thHour1_pf,Courtesy of Photofest,Directed by,Spike Lee,http://www.imdb.com/name/nm0000490/
25th Hour,2002,http://www.imdb.com/title/tt0307901/,25thHour2_pf,Courtesy of Photofest,Directed by,Spike Lee,http://www.imdb.com/name/nm0000490/
A Perfect Murder,1998,http://www.imdb.com/title/tt0120787/,,,Directed by,Andrew Davis,http://imdb.com/name/nm0001112/
A Thousand Clowns,1965,http://www.imdb.com/title/tt0059798/,AThousandClowns_pf,Courtesy of Photofest,Directed by,Fred Coe,http://imdb.com/name/nm0168641/
Across the Sea of Time,1997,http://imdb.com/title/tt0112286/,AcrossTheSeaOfTime_pf,Courtesy of Photofest,Directed by,Stephen Low,http://imdb.com/name/nm0522844/
After Hours,1985,http://www.imdb.com/title/tt0088680/,,,Directed by,Martin Scorsese,http://imdb.com/name/nm0000217/
Alice,1990,http://www.imdb.com/title/tt0099012/,,,Directed by,Woody Allen,http://www.imdb.com/name/nm0000095/
American Psycho,2000,http://www.imdb.com/title/tt0144084/,AmericanPyscho_ec,"Courtesy of Everett Collection, Inc.",Directed by,Mary Harron,http://www.imdb.com/name/nm0366004/
An Unmarried Woman,1978,http://www.imdb.com/title/tt0078444/,,,Directed by,Paul Mazursky,http://imdb.com/name/nm0005196/
Annie Hall,1977,http://www.imdb.com/title/tt0075686/,AnnieHall2_pf,Courtesy of Photofest,Directed by,Woody Allen,http://www.imdb.com/name/nm0000095/
Annie Hall,1977,http://www.imdb.com/title/tt0075686/,AnnieHall2_pf,Courtesy of Photofest,Directed by,Woody Allen,http://www.imdb.com/name/nm0000095/
Annie Hall,1977,http://www.imdb.com/title/tt0075686/,AnnieHall2_pf,Courtesy of Photofest,Directed by,Woody Allen,http://www.imdb.com/name/nm0000095/
Annie Hall,1977,http://www.imdb.com/title/tt0075686/,AnnieHall2_pf,Courtesy of Photofest,Directed by,Woody Allen,http://www.imdb.com/name/nm0000095/
Annie Hall,1977,http://www.imdb.com/title/tt0075686/,AnnieHall2_pf,Courtesy of Photofest,Directed by,Woody Allen,http://www.imdb.com/name/nm0000095/
Arthur,1981,http://www.imdb.com/title/tt0082031/,Arthur_pf,Courtesy of Photofest,Directed by,Steve Gordon,http://imdb.com/name/nm0330619/
As Good As It Gets,1997,http://imdb.com/title/tt0119822/,AsGoodAsitgets_pf,Courtesy of Photofest,Directed by,James L. Brooks,http://imdb.com/name/nm0000985/
Barefoot in the Park,1967,http://www.imdb.com/title/tt0061385/,BarefootinthePark2_pf,Courtesy of Photofest,Directed by,Gene Saks,http://imdb.com/name/nm0757256/
Barefoot in the Park,1967,http://www.imdb.com/title/tt0061385/,BarefootinthePark1_pf,Courtesy of Photofest,Directed by,Gene Saks,http://imdb.com/name/nm0757256/
Basquiat,1996,http://www.imdb.com/title/tt0115632/,Basquiat_pf,Courtesy of Photofest,Directed by,Julian Schnabel,http://imdb.com/name/nm0773603/
Bed of Roses,1996,http://www.imdb.com/title/tt0115644/,,,Directed by,Michael Goldenberg,http://imdb.com/name/nm0325533/
BIG,1988,http://www.imdb.com/title/tt0094737/,Big_pf,Courtesy of Photofest,Directed by,Penny Marshall,http://imdb.com/name/nm0001508/
Blue in the Face,1995,http://www.imdb.com/title/tt0112541/,,,Directed by,"Paul Auster,Wayne Wang","http://imdb.com/name/nm0000808/,http://imdb.com/name/nm0911061/"
Breakfast at Tiffany's,1961,http://www.imdb.com/title/tt0054698/,BreakfastatTiffanys3_ec,"Courtesy of Everett Collection, Inc.",Directed by,Blake Edwards,http://imdb.com/name/nm0001175/
Breakfast at Tiffany's,1961,http://www.imdb.com/title/tt0054698/,BreakfastatTiffanys2_ec,"Courtesy of Everett Collection, Inc.",Directed by,Blake Edwards,http://imdb.com/name/nm0001175/
Breakfast at Tiffany's,1961,http://www.imdb.com/title/tt0054698/,BreakfastatTiffanys1_ec,"Courtesy of Everett Collection, Inc.",Directed by,Blake Edwards,http://imdb.com/name/nm0001175/
Broadway Danny Rose,1984,http://www.imdb.com/title/tt0087003/,BroadwayDannyRose_pf,Courtesy of Photofest,Directed by,Woody Allen,http://www.imdb.com/name/nm0000095/
Cagney & Lacey,1982-1988,http://imdb.com/title/tt0083395/,CagneyandLacey_pf,Courtesy of Photofest,Created by,"Barbara Avedon,Barbara Corday,(more)","http://imdb.com/name/nm0042853/,http://imdb.com/name/nm0179400/,http://imdb.com/title/tt0083395/fullcredits#writers"
Center Stage,2000,http://www.imdb.com/title/tt0210616/,,,Directed by,Nicholas Hytner,http://imdb.com/name/nm0405336/
Chasing Amy,1997,http://www.imdb.com/title/tt0118842/,,,Directed by,Kevin Smith,http://imdb.com/name/nm0003620/
Chelsea Walls,2001,http://www.imdb.com/title/tt0226935/,ChelseaWalls_pf,Courtesy of Photofest,Directed by,Ethan Hawke,http://imdb.com/name/nm0000160/
Clockers,1995,http://www.imdb.com/title/tt0112688/,Clockers2_pf,Courtesy of Photofest,Directed by,Spike Lee,http://www.imdb.com/name/nm0000490/
Coogan's Bluff,1968,http://www.imdb.com/title/tt0062824/,CoogansBluff_pf,Courtesy of Photofest,Directed by,Don Siegel,http://imdb.com/name/nm0796923/
Cotton Comes to Harlem,1970,http://imdb.com/title/tt0065579/,,,Directed by,Ossie Davis,http://imdb.com/name/nm0001115/
Crocodile Dundee,1986,http://imdb.com/title/tt0090555/,CrocodileDundee3_pf,Courtesy of Photofest,Directed by,Peter Faiman,http://imdb.com/name/nm0265363/
Crocodile Dundee II,1988,http://www.imdb.com/title/tt0092493/,CrocodileDundee4_pf,Courtesy of Photofest,Directed by,John Cornell,http://imdb.com/name/nm0180259/
Crooklyn,1994,http://www.imdb.com/title/tt0109504/,crooklyn1_pf,Courtesy of Photofest,Directed by,Spike Lee,http://www.imdb.com/name/nm0000490/
Crossing Delancey,1988,http://www.imdb.com/title/tt0094921/,,,Directed by,Joan Micklin Silver,http://imdb.com/name/nm0798717/
Cruising,1980,http://www.imdb.com/title/tt0080569/,Cruising_pf,Courtesy of Photofest,Directed by,William Friedkin,http://imdb.com/name/nm0001243/
Cruising,1980,http://www.imdb.com/title/tt0080569/,Cruising_ec,"Courtesy of Everett Collection, Inc.",Directed by,William Friedkin,http://imdb.com/name/nm0001243/
Death to Smoochy,2002,http://www.imdb.com/title/tt0266452/,,,Directed by,Danny DeVito,http://imdb.com/name/nm0000362/
Death Wish,1974,http://www.imdb.com/title/tt0071402/,DeathWish_pf,Courtesy of Photofest,Directed by,Michael Winner,http://imdb.com/name/nm0935382/
Desperately Seeking Susan,1985,http://www.imdb.com/title/tt0089017/,DesperatelySeeking_pf,Courtesy of Photofest,Directed by,Susan Seidelman,http://imdb.com/name/nm0782384/
Desperately Seeking Susan,1985,http://www.imdb.com/title/tt0089017/,DesperatelySeeking1_ec,"Courtesy of Everett Collection, Inc.",Directed by,Susan Seidelman,http://imdb.com/name/nm0782384/
Die Hard: With a Vengeance,1995,http://www.imdb.com/title/tt0112864/,DieHardWithAvengance_pf,Courtesy of Photofest,Directed by,John McTiernan,http://imdb.com/name/nm0001532/
Do the Right Thing,1989,http://www.imdb.com/title/tt0097216/,DoTheRightthing3_pf,Courtesy of Photofest,Directed by,Spike Lee,http://www.imdb.com/name/nm0000490/
Dog Day Afternoon,1972,http://www.imdb.com/title/tt0072890/,,,Directed by,Sidney Lumet,http://imdb.com/name/nm0001486/
Downtown 81 / New York Beat Movie,1981,http://www.imdb.com/title/tt0208993/,Downtown81_2_pf,Courtesy of Photofest,Directed by,Edo Bertoglio,http://imdb.com/name/nm0078166/
Downtown 81 / New York Beat Movie,1981,http://www.imdb.com/title/tt0208993/,Downtown81_pf,Courtesy of Photofest,Directed by,Edo Bertoglio,http://imdb.com/name/nm0078166/
Eternal Sunshine of the Spotless Mind,2004,http://www.imdb.com/title/tt0338013/,EternalSunshine_ec,"Courtesy of Everett Collection, Inc.",Directed by,Michel Gondry,http://imdb.com/name/nm0327273/
Fame,1980,http://www.imdb.com/title/tt0080716/,,,Directed by,Alan Parker,http://imdb.com/name/nm0000570/
Fame,1980,http://www.imdb.com/title/tt0080716/,,,Directed by,Alan Parker,http://imdb.com/name/nm0000570/
Ferry Tales,2003,http://www.imdb.com/title/tt0363607/,FerryTales_ec,"Courtesy of Everett Collection, Inc.",Directed by,Katja Esson,http://imdb.com/name/nm1534515/
Force of Evil,1948,http://imdb.com/title/tt0040366/,,,Directed by,Abraham Polonsky,http://imdb.com/name/nm0689796/
Fort Apache the Bronx,1981,http://imdb.com/title/tt0082402/,FortApache_ec,"Courtesy of Everett Collection, Inc.",Directed by,Daniel Petrie,http://imdb.com/name/nm0677951/
Ghostbusters,1984,http://www.imdb.com/title/tt0087332/,Ghostbusters_pf,Courtesy of Photofest,Directed by,Ivan Reitman,http://imdb.com/name/nm0718645/
Ghostbusters,1984,http://www.imdb.com/title/tt0087332/,Ghostbusters2_pf,Courtesy of Photofest,Directed by,Ivan Reitman,http://imdb.com/name/nm0718645/
Godspell,1973,http://www.imdb.com/title/tt0070121/,Godspell3_pf,Courtesy of Photofest,Directed by,David Greene,http://imdb.com/name/nm0338719/
Godspell,1973,http://www.imdb.com/title/tt0070121/,Godspell4_pf,Courtesy of Photofest,Directed by,David Greene,http://imdb.com/name/nm0338719/
Godspell,1973,http://www.imdb.com/title/tt0070121/,Godspell7_pf,Courtesy of Photofest,Directed by,David Greene,http://imdb.com/name/nm0338719/
Godspell,1973,http://www.imdb.com/title/tt0070121/,Godspell8_pf,Courtesy of Photofest,Directed by,David Greene,http://imdb.com/name/nm0338719/
Godspell,1973,http://www.imdb.com/title/tt0070121/,Godspell2_pf,Courtesy of Photofest,Directed by,David Greene,http://imdb.com/name/nm0338719/
Godspell,1973,http://www.imdb.com/title/tt0070121/,Godspell6_pf,Courtesy of Photofest,Directed by,David Greene,http://imdb.com/name/nm0338719/
Godspell,1973,http://www.imdb.com/title/tt0070121/,Godspell1_pf,Courtesy of Photofest,Directed by,David Greene,http://imdb.com/name/nm0338719/
Godspell,1973,http://www.imdb.com/title/tt0070121/,Godspell5_pf,Courtesy of Photofest,Directed by,David Greene,http://imdb.com/name/nm0338719/
Godzilla,1988,http://www.imdb.com/title/tt0120685/,Godzilla_ec,"Courtesy of Everett Collection, Inc.",Directed by,Roland Emmerich,http://imdb.com/name/nm0000386/
Goodfellas,1990,http://imdb.com/title/tt0099685/,Goodfellas_pf,Courtesy of Photofest,Directed by,Martin Scorsese,http://imdb.com/name/nm0000217/
Green Card,1990,http://www.imdb.com/title/tt0099699/,Greencard_pf,Courtesy of Photofest,Directed by,Peter Weir,http://imdb.com/name/nm0001837/
Greetings,1968,http://www.imdb.com/title/tt0063036/,Greetings_pf,Courtesy of Photofest,Directed by,Brian De Palma,http://imdb.com/name/nm0000361/
Hair,1979,http://www.imdb.com/title/tt0079261/,Hair_pf,Courtesy of Photofest,Directed by,Milos Forman,http://imdb.com/name/nm0001232/
Hannah and Her Sisters,1986,http://www.imdb.com/title/tt0091167/,,,Directed by,Woody Allen,http://www.imdb.com/name/nm0000095/
Hannah and Her Sisters,1986,http://www.imdb.com/title/tt0091167/,,,Directed by,Woody Allen,http://www.imdb.com/name/nm0000095/
Hannah and Her Sisters,1986,http://www.imdb.com/title/tt0091167/,,,Directed by,Woody Allen,http://www.imdb.com/name/nm0000095/
Heights,2005,http://imdb.com/title/tt0382073/,Heights_ec,"Courtesy of Everett Collection, Inc.",Directed by,Chris Terrio,http://imdb.com/name/nm0006516/
Hitch,2005,http://www.imdb.com/title/tt0386588/,,,Directed by,Andy Tennant,http://imdb.com/name/nm0855035/
Hudson Hawk,1991,http://www.imdb.com/title/tt0102070/,HudsonHawk_pf,Courtesy of Photofest,Directed by,Michael Lehmann,http://imdb.com/name/nm0499724/
I Like It Like That,1994,http://www.imdb.com/title/tt0110091/,ILikeitLikeThat_pf,Courtesy of Photofest,Directed by,Darnell Martin,http://imdb.com/name/nm0552140/
I Shot Andy Warhol,1996,http://www.imdb.com/title/tt0116594/,IShotAndyWarhol_pf,Courtesy of Photofest,Directed by,Mary Harron,http://www.imdb.com/name/nm0366004/
Inside Man,2006,http://imdb.com/title/tt0454848/,,,Directed by,Spike Lee,http://www.imdb.com/name/nm0000490/
It Could Happen to You,1994,http://www.imdb.com/title/tt0110167/,ItCouldHappentoYou2_ec,"Courtesy of Everett Collection, Inc.",Directed by,Andrew Bergman,http://imdb.com/name/nm0000921/
Jeremy,1973,http://www.imdb.com/title/tt0070238/,Jeremy_ec,"Courtesy of Everett Collection, Inc.",Directed by,Arthur Barron,http://imdb.com/name/nm0057634/
Jumpin' at the Boneyard,1992,http://imdb.com/title/tt0102174/,,,Directed by,Jeff Stanzler,http://imdb.com/name/nm0822863/
Jungle Fever,1991,http://www.imdb.com/title/tt0102175/,JungleFever_pf,Courtesy of Photofest,Directed by,Spike Lee,http://www.imdb.com/name/nm0000490/
Jungle Fever,1991,,JungleFever2_pf,Courtesy of Photofest,Directed by,Spike Lee,http://www.imdb.com/name/nm0000490/
Kids,1995,http://www.imdb.com/title/tt0113540/,,,Directed by,Larry Clark,http://imdb.com/name/nm0164187/
Killer's Kiss,1957,http://imdb.com/title/tt0048254/,KillersKiss_ec,Courtesy of Photofest,Directed by,Stanley Kubrick,http://imdb.com/name/nm0000040/
King Kong,1976,http://www.imdb.com/title/tt0074751/,KingKong_ec,"Courtesy of Everett Collection, Inc.",Directed by,John Guillermin,http://imdb.com/name/nm0347086/
Kissing Jessica Stein,2001,http://www.imdb.com/title/tt0264761/,kissing_jessica_st4_pf,Courtesy of Photofest,Directed by,Charles Herman-Wurmfeld,http://imdb.com/name/nm0379237/
Klute,1971,http://www.imdb.com/title/tt0067309/,Klute_pf,Courtesy of Photofest,Directed by,Alan J. Pakula,http://imdb.com/name/nm0001587/
Klute,1971,http://www.imdb.com/title/tt0067309/,Klute_pf,Courtesy of Photofest,Directed by,Alan J. Pakula,http://imdb.com/name/nm0001587/
Klute,1971,http://www.imdb.com/title/tt0067309/,Klute_pf,Courtesy of Photofest,Directed by,Alan J. Pakula,http://imdb.com/name/nm0001587/
Kojak,1973-1978,http://imdb.com/title/tt0069599/,Kojak_pf,Courtesy of Photofest,Created by,"Abby Mann,(more)","http://imdb.com/name/nm0542631/,http://imdb.com/title/tt0069599/fullcredits#writers"
Kojak,1973-1978,http://imdb.com/title/tt0069599/,Kojak2_pf,Courtesy of Photofest,Created by,"Abby Mann,(more)","http://imdb.com/name/nm0542631/,http://imdb.com/title/tt0069599/fullcredits#writers"
Kramer vs. Kramer,1979,http://www.imdb.com/title/tt0079417/,Kramervskramer_pf,Courtesy of Photofest,Directed by,Robert Benton,http://imdb.com/name/nm0000914/
Law & Order,1988- Today,http://imdb.com/title/tt0098844/,LawandOrder1_pf,Courtesy of Photofest,Created by,"Dick Wolf,(more)","http://imdb.com/name/nm0937725/,http://imdb.com/title/tt0098844/fullcredits#writers"
Little Fugitive,1953,http://imdb.com/title/tt0046004/,LittleFugative_pf,Courtesy of Photofest,Directed by,"Morris Engel,Ruth Orkin,(more)","http://imdb.com/name/nm0257129/,http://imdb.com/name/nm0257129/,http://imdb.com/title/tt0046004/fullcredits#directors"
Little Manhattan,2005,http://www.imdb.com/title/tt0412922/,LittleManhattan_ec,"Courtesy of Everett Collection, Inc.",Directed by,Mark Levin,http://imdb.com/name/nm0505662/
LUV,1967,http://www.imdb.com/title/tt0061927/,Luv_pf,Courtesy of Photofest,Directed by,Clive Donner,http://imdb.com/name/nm0232795/
Mad Hot Ballroom,2005,http://www.imdb.com/title/tt0438205/,MadHotBallroom_ec,"Courtesy of Everett Collection, Inc.",Directed by,Marilyn Agrelo,http://imdb.com/name/nm1802009/
Malcolm X,1992,http://www.imdb.com/title/tt0104797/,MalcolmX_pf,Courtesy of Photofest,Directed by,Spike Lee,http://www.imdb.com/name/nm0000490/
Man Push Cart,2005,http://imdb.com/title/tt0464105/,,,Directed by,Ramin Bahrani,http://imdb.com/name/nm1023919/
Manhattan,1979,http://www.imdb.com/title/tt0079522/,Manhattan_pf,Courtesy of Photofest,Directed by,Woody Allen,http://www.imdb.com/name/nm0000095/
Marty,1955,http://imdb.com/title/tt0048356/,Marty_pf,Courtesy of Photofest,Directed by,Delbert Mann,http://imdb.com/name/nm0542720/
McCloud,1970-1977,http://imdb.com/title/tt0065317/,Mccloud_ec,"Courtesy of Everett Collection, Inc.",Directed by,"Lou Antonio,Jack Arnold,(more)","http://imdb.com/name/nm0031398/,http://imdb.com/name/nm0000791/,http://imdb.com/title/tt0065317/fullcredits#writers"
Mean Streets,1973,http://www.imdb.com/title/tt0070379/,,Courtesy of Photofest,Directed by,Martin Scorsese,http://imdb.com/name/nm0000217/
Men in Black,1997,http://www.imdb.com/title/tt0119654/,MenInBlack_pf,Courtesy of Photofest,Directed by,Barry Sonnenfeld,http://imdb.com/name/nm0001756/
Men in Black,1997,http://www.imdb.com/title/tt0119654/,MenInBlack_pf,Courtesy of Photofest,Directed by,Barry Sonnenfeld,http://imdb.com/name/nm0001756/
Men in Black,1997,http://www.imdb.com/title/tt0119654/,MenInBlack_pf,Courtesy of Photofest,Directed by,Barry Sonnenfeld,http://imdb.com/name/nm0001756/
Men in Black,1997,http://www.imdb.com/title/tt0119654/,MenInBlack_pf,Courtesy of Photofest,Directed by,Barry Sonnenfeld,http://imdb.com/name/nm0001756/
Midnight Cowboy,1969,http://www.imdb.com/title/tt0064665/,MidnightCowboy1_ec,"Courtesy of Everett Collection, Inc.",Directed by,John Schlesinger,http://imdb.com/name/nm0772259/
Midnight Cowboy,1968,http://www.imdb.com/title/tt0064665/,MidnightCowboy2_ec,"Courtesy of Everett Collection, Inc.",Directed by,John Schlesinger,http://imdb.com/name/nm0772259/
Mirage,1965,http://imdb.com/title/tt0059448/,Mirage_pf,Courtesy of Photofest,Directed by,Edward Dmytryk,http://imdb.com/name/nm0229424/
Mo' Better Blues,1990,http://www.imdb.com/title/tt0100168/,MoBetterBlues2_pf,Courtesy of Photofest,Directed by,Spike Lee,http://www.imdb.com/name/nm0000490/
My Dinner with André,1991,http://imdb.com/title/tt0082783/,MyDinnerWithAndre_pf,Courtesy of Photofest,Directed by,Louis Malle,http://imdb.com/name/nm0001501/
New Jack City,1991,http://www.imdb.com/title/tt0102526/,,,Directed by,Mario Van Peebles,http://imdb.com/name/nm0005522/
"Next Stop, Greenwich Village",1975,http://imdb.com/title/tt0074963/,NextStopGreenwich_ec,"Courtesy of Everett Collection, Inc.",Directed by,Paul Mazursky,http://imdb.com/name/nm0005196/
Nighthawks,1981,http://www.imdb.com/title/tt0082817/,Nighthawks_1981_1_pf,Courtesy of Photofest,Directed by,Bruce Malmuth,http://imdb.com/name/nm0540330/
No Way to Treat a Lady,1968,http://www.imdb.com/title/tt0063356/,NoWaytoTreataLady2_pf,Courtesy of Photofest,Directed by,Jack Smight,http://imdb.com/name/nm0806915/
No Way to Treat a Lady,1968,http://www.imdb.com/title/tt0063356/,NoWaytoTreataLady_pf,Courtesy of Photofest,Directed by,Jack Smight,http://imdb.com/name/nm0806915/
North by Northwest,1959,http://imdb.com/title/tt0053125/,,,Directed by,Alfred Hitchcock,http://imdb.com/name/nm0000033/
On the Town,1949,http://imdb.com/title/tt0041716/,OntheTown_pf,Courtesy of Photofest,Directed by,"Stanley Donen,Gene Kelly","http://imdb.com/name/nm0002045/,http://imdb.com/name/nm0000037/"
On the Waterfront,1954,http://imdb.com/title/tt0047296/,OnTheWaterfront_pf,Courtesy of Photofest,Directed by,Elia Kazan,http://imdb.com/name/nm0001415/
One Fine Day,1996,http://www.imdb.com/title/tt0117247/,,,Directed by,Michael Hoffman,http://imdb.com/name/nm0001355/
One Fine Day,1996,http://www.imdb.com/title/tt0117247/,,,Directed by,Michael Hoffman,http://imdb.com/name/nm0001355/
Other People's Money,1991,http://imdb.com/title/tt0102609/,,,Directed by,Norman Jewison,http://imdb.com/name/nm0422484/
Pieces of April,2003,http://www.imdb.com/title/tt0311648/,PiecesofApril_ec,"Courtesy of Everett Collection, Inc.",Directed by,Peter Hedges,http://imdb.com/name/nm0373282/
Plaza Suite,1971,http://www.imdb.com/title/tt0067589/,PlazaSuite_pf,Courtesy of Photofest,Directed by,Arthur Hiller,http://imdb.com/name/nm0002137/
Prime,2005,http://www.imdb.com/title/tt0387514/,,,Directed by,Ben Younger,http://imdb.com/name/nm0950226/
Ragtime,1981,http://www.imdb.com/title/tt0082970/,Ragtime2_pf,Courtesy of Photofest,Directed by,Milos Forman,http://imdb.com/name/nm0001232/
Report to the Commissioner,1975,http://www.imdb.com/title/tt0073620/,ReporttotheComm4_ec,"Courtesy of Everett Collection, Inc.",Directed by,Milton Katselas,http://imdb.com/name/nm0441501/
Requiem for a Dream,2000,http://www.imdb.com/title/tt0180093/,Requiemforadream2_pf,Courtesy of Photofest,Directed by,Darren Aronofsky,http://imdb.com/name/nm0004716/
Rosemary's Baby,1968,http://www.imdb.com/title/tt0063522/,RosemarysBaby_ec,"Courtesy of Everett Collection, Inc.",Directed by,Roman Polanski,http://imdb.com/name/nm0000591/
Rosemary's Baby,1968,http://www.imdb.com/title/tt0063522/,RosemarysBaby3_pf,Courtesy of Photofest,Directed by,Roman Polanski,http://imdb.com/name/nm0000591/
Rosemary's Baby,1968,http://www.imdb.com/title/tt0063522/,RosemarysBaby2_pf,Courtesy of Photofest,Directed by,Roman Polanski,http://imdb.com/name/nm0000591/
Saturday Night Fever,1977,http://www.imdb.com/title/tt0076666/,SaturdayNightFever2_pf,Courtesy of Photofest,Directed by,John Badham,http://imdb.com/name/nm0000824/
Saturday Night Fever,1977,http://www.imdb.com/title/tt0076666/,SaturdayNightFever_pf,Courtesy of Photofest,Directed by,John Badham,http://imdb.com/name/nm0000824/
Searching for Bobby Fischer,1993,http://www.imdb.com/title/tt0108065/,SearchingforBobby_pf,Courtesy of Photofest,Directed by,Steven Zaillian,http://imdb.com/name/nm0001873/
Serpico,1973,http://www.imdb.com/title/tt0070666/,Serpico_pf,Courtesy of Photofest,Directed by,Sidney Lumet,http://imdb.com/name/nm0001486/
Sesame Street,1969-today,http://www.imdb.com/title/tt0063951/,SesameStreet_pf,Courtesy of Photofest,Created by,"Joan Ganz Cooney,(more)","http://imdb.com/name/nm0177760/,http://www.imdb.com/title/tt0063951/fullcredits#writers"
Sex and the City,1998-2004,http://www.imdb.com/title/tt0159206/,SexandtheCity3_ec,"Courtesy of Everett Collection, Inc.",Created by,"Darren Star,(more)","http://imdb.com/name/nm0823015/,http://www.imdb.com/title/tt0159206/fullcredits#writers"
Shadows,1959,http://imdb.com/title/tt0053270/,Shadows_ec,"Courtesy of Everett Collection, Inc.",Directed by,John Cassavetes,http://imdb.com/name/nm0001023/
Shaft,1971,http://www.imdb.com/title/tt0067741/,,,Directed by,Gordon Parks,http://imdb.com/name/nm0662953/
Shaft,2000,http://www.imdb.com/title/tt0162650/,Shaft2000_pf,Courtesy of Photofest,Directed by,John Singleton,http://imdb.com/name/nm0005436/
She's the One,1996,http://www.imdb.com/title/tt0117628/,Shestheone_pf,Courtesy of Photofest,Directed by,Edward Burns,http://imdb.com/name/nm0122653/
Single White Female,1992,http://www.imdb.com/title/tt0105414/,SingleWhiteFemale_pf,Courtesy of Photofest,Directed by,Barbet Schroeder,http://imdb.com/name/nm0775447/
Six Degrees of Separation,1993,http://www.imdb.com/title/tt0108149/,SixDegreesofSep_pf,Courtesy of Photofest,Directed by,Fred Schepisi,http://imdb.com/name/nm0770961/
Six Degrees of Separation,1993,http://www.imdb.com/title/tt0108149/,SixDegreesofSep_pf,Courtesy of Photofest,Directed by,Fred Schepisi,http://imdb.com/name/nm0770961/
Sleepers,1996,http://www.imdb.com/title/tt0117665/,Sleepers3_pf,Courtesy of Photofest,Directed by,Barry Levinson,http://imdb.com/name/nm0001469/
Sleepers,1996,http://www.imdb.com/title/tt0117665/,Sleepers_pf,Courtesy of Photofest,Directed by,Barry Levinson,http://imdb.com/name/nm0001469/
Smithereens,1982,http://www.imdb.com/title/tt0084698/,Smithereens_ec,"Courtesy of Everett Collection, Inc.",Directed by,Susan Seidelman,http://imdb.com/name/nm0782384/
Smoke,1995,http://www.imdb.com/title/tt0114478/,Smoke_ec,"Courtesy of Everett Collection, Inc.",Directed by,Wayne Wang,http://imdb.com/name/nm0911061/
Sophie's Choice,1982,http://www.imdb.com/title/tt0084707/,SophiesChoice_pf,Courtesy of Photofest,Directed by,Alan J. Pakula,http://imdb.com/name/nm0001587/
Spider-Man,2002,http://www.imdb.com/title/tt0145487/,Spiderman2_pf,Courtesy of Photofest,Directed by,Sam Raimi,http://www.imdb.com/name/nm0000600/
Spider-Man,2002,http://www.imdb.com/title/tt0145487/,Spiderman3_pf,Courtesy of Photofest,Directed by,Sam Raimi,http://www.imdb.com/name/nm0000600/
Spider-Man,2002,http://www.imdb.com/title/tt0145487/,Spiderman4_pf,Courtesy of Photofest,Directed by,Sam Raimi,http://www.imdb.com/name/nm0000600/
Splash,1984,http://www.imdb.com/title/tt0088161/,Splash_pf,Courtesy of Photofest,Directed by,Ron Howard,http://imdb.com/name/nm0000165/
State of Grace,1990,http://imdb.com/title/tt0100685/,StateofGrace_ec,"Courtesy of Everett Collection, Inc.",Directed by,Phil Joanou,http://imdb.com/name/nm0423333/
Sugar Hill,1994,http://www.imdb.com/title/tt0107079/,,,Directed by,Leon Ichaso,http://imdb.com/name/nm0406687/
Summer of Sam,1999,http://www.imdb.com/title/tt0162677/,SummerofSam_pf,Courtesy of Photofest,Directed by,Spike Lee,http://www.imdb.com/name/nm0000490/
Sweet Home Alabama,2002,http://www.imdb.com/title/tt0256415/,SweetHomeAlabama_ec,"Courtesy of Everett Collection, Inc.",Directed by,Andy Tennant,http://imdb.com/name/nm0855035/
Sweet November,1968,http://www.imdb.com/title/tt0063661/,,,Directed by,Robert Ellis Miller,http://imdb.com/name/nm0589228/
Sweet Smell of Success,1957,http://imdb.com/title/tt0051036/,SweetSmellofSuccess_pf,Courtesy of Photofest,Directed by,Alexandre Mackenrick,http://imdb.com/name/nm0533241/
Taxi Driver,1976,http://www.imdb.com/title/tt0075314/,TaxiDriver_pf,Courtesy of Photofest,Directed by,Martin Scorsese,http://imdb.com/name/nm0000217/
Taxi Driver,1976,http://www.imdb.com/title/tt0075314/,TaxiDriver2_pf,Courtesy of Photofest,Directed by,Martin Scorsese,http://imdb.com/name/nm0000217/
Taxi Driver,1976,http://www.imdb.com/title/tt0075314/,TaxiDriver_pf,Courtesy of Photofest,Directed by,Martin Scorsese,http://imdb.com/name/nm0000217/
The Anderson Tapes,1971,http://www.imdb.com/title/tt0066767/,TheAndersonTapes_pf,Courtesy of Photofest,Directed by,Sidney Lumet,http://imdb.com/name/nm0001486/
The April Fools,1969,http://www.imdb.com/title/tt0064036/,TheAprilFools_ec,"Courtesy of Everett Collection, Inc.",Directed by,Stuart Rosenberg,http://imdb.com/name/nm0742341/
The April Fools,1969,http://www.imdb.com/title/tt0064036/,TheAprilFools_pf,Courtesy of Photofest,Directed by,Stuart Rosenberg,http://imdb.com/name/nm0742341/
The Basketball Diaries ,1995,http://imdb.com/title/tt0112461/,TheBasketballDiaries_pf,Courtesy of Photofest,Directed by,Scott Kalvert,http://imdb.com/name/nm0436284/
The Bonfire of the Vanities,1990,http://www.imdb.com/title/tt0099165/,,,Directed by,Brian De Palma,http://imdb.com/name/nm0000361/
The Brother from Another Planet,1984,http://www.imdb.com/title/tt0087004/,TheBrother_pf,Courtesy of Photofest,Directed by,John Sayles,http://imdb.com/name/nm0000626/
The Brothers McMullen,1995,http://www.imdb.com/title/tt0112585/,TheBrothersMcmullen_pf,Courtesy of Photofest,Directed by,Edward Burns,http://imdb.com/name/nm0122653/
The Cotton Club,1984,http://imdb.com/title/tt0087089/,,,Directed by,Francis Ford Coppola,http://imdb.com/name/nm0000338/
The Cowboy Way,1994,http://www.imdb.com/title/tt0109493/,TheCowboyWay_pf,Courtesy of Photofest,Directed by,Gregg Champion,http://imdb.com/name/nm0150707/
The Devil's Advocate,1997,http://www.imdb.com/title/tt0118971/,TheDevilsAdvocate_pf,Courtesy of Photofest,Directed by,Taylor Hackford,http://www.imdb.com/name/nm0000431/
The Fisher King,1991,http://www.imdb.com/title/tt0101889/,TheFisherKing_pf,Courtesy of Photofest,Directed by,Terry Gilliam,http://imdb.com/name/nm0000416/
The French Connection,1971,http://www.imdb.com/title/tt0067116/,TheFrenchConnection_pf,Courtesy of Photofest,Directed by,William Friedkin,http://imdb.com/name/nm0001243/
The Godfather Part II,1974,http://www.imdb.com/title/tt0071562/,TheGodfatherpartII_ec,"Courtesy of Everett Collection, Inc.",Directed by,Francis Ford Coppola,http://www.imdb.com/name/nm0000338/
The Honeymooners,1955-1956,http://www.imdb.com/title/tt0042114/,TheHoneymooners_ec,"Courtesy of Everett Collection, Inc.",Directed by,Frank Satenstein,http://imdb.com/name/nm0766129/
The Hours,2002,http://imdb.com/title/tt0274558/,TheHours_ec,"Courtesy of Everett Collection, Inc.",Directed by,Stephen Daldry,http://imdb.com/name/nm0197636/
The Interpreter,2005,http://www.imdb.com/title/tt0373926/,TheInterpreter3_ec,"Courtesy of Everett Collection, Inc.",Directed by,Sydney Pollack,http://imdb.com/name/nm0001628/
The Landlord,1970,http://www.imdb.com/title/tt0065963/,TheLandlord2_pf,Courtesy of Photofest,Directed by,Hal Ashby,http://imdb.com/name/nm0000797/
The Landlord,1970,http://www.imdb.com/title/tt0065963/,TheLandlord_pf,Courtesy of Photofest,Directed by,Hal Ashby,http://imdb.com/name/nm0000797/
The Late Show with David Letterman,1993-?,http://www.imdb.com/title/tt0106053/,,,Directed by,"Jerry Foley,Randi Grossack,(more)","http://imdb.com/name/nm0284159/,http://www.imdb.com/name/nm0343522/,http://www.imdb.com/title/tt0106053/fullcredits#directors"
The Lost Weekend,1945,http://imdb.com/title/tt0037884/,,,Directed by,Billy Wilder,http://imdb.com/name/nm0000697/
The Naked City,1948,http://imdb.com/title/tt0040636/,TheNaked_City_01_pf,Courtesy of Photofest,Directed by,Jules Dassin,http://imdb.com/name/nm0202088/
The Night They Raided Minsky's ,1968,http://www.imdb.com/title/tt0063348/,TheNightTheyRaided_pf,Courtesy of Photofest,Directed by,William Friedkin,http://imdb.com/name/nm0001243/
The Out-of-Towners,1970,http://www.imdb.com/title/tt0066193/,TheOutofTowners_pf,Courtesy of Photofest,Directed by,Arthur Hiller,http://imdb.com/name/nm0002137/
The Panic in Needle Park,1971,http://www.imdb.com/title/tt0067549/,ThePanicinNeedlePark_pf,Courtesy of Photofest,Directed by,Jerry Schatzberg,http://imdb.com/name/nm0770234/
The Pawnbroker,1965,http://imdb.com/title/tt0059575/,,,Directed by,Sidney Lumet,http://imdb.com/name/nm0001486/
The Pickle ,1993,http://www.imdb.com/title/tt0107824/,ThePickle_pf,Courtesy of Photofest,Directed by,Paul Mazursky,http://imdb.com/name/nm0005196/
The Pick-Up Artist,1984,http://www.imdb.com/title/tt0093737/,,,Directed by,James Toback,http://imdb.com/name/nm0864812/
The Prisoner of Second Avenue,1975,http://www.imdb.com/title/tt0072034/,ThePrisonerof2ndAve_pf,Courtesy of Photofest,Directed by,Melvin Frank,http://imdb.com/name/nm0291035/
The Producers,1968,http://www.imdb.com/title/tt0063462/,TheProducers1_pf,Courtesy of Photofest,Directed by,Mel Brooks,http://imdb.com/name/nm0000316/
The Producers,1968,http://www.imdb.com/title/tt0063462/,TheProducers2_pf,Courtesy of Photofest,Directed by,Mel Brooks,http://imdb.com/name/nm0000316/
The Producers,2005,http://www.imdb.com/title/tt0395251/,,,Directed by,Susan Stroman,http://imdb.com/name/nm0834893/
The Professional,1994,http://imdb.com/title/tt0110413/,TheProfessional_ec,"Courtesy of Everett Collection, Inc.",Directed by,Luc Besson,http://imdb.com/name/nm0000108/
The Royal Tenenbaums,2001,http://www.imdb.com/title/tt0265666/,TheRoyalTenenbaums_pf,Courtesy of Photofest,Directed by,Wes Anderson,http://imdb.com/name/nm0027572/
The Seven Year Itch,1955,http://imdb.com/title/tt0048605/,TheSevenYearItch_pf,Courtesy of Photofest,Directed by,Billy Wilder,http://imdb.com/name/nm0000697/
The Siege,1998,http://www.imdb.com/title/tt0133952/,TheSiege_pf,Courtesy of Photofest,Directed by,Edward Zwick,http://imdb.com/name/nm0001880/
The Sopranos,1999-2007,http://www.imdb.com/title/tt0141842/,,,Created by,"David Chase,(more)","http://imdb.com/name/nm0153740/,http://imdb.com/title/tt0141842/fullcredits#writers"
The Squid and the Whale,2005,http://www.imdb.com/title/tt0367089/,,,Directed by,Noah Baumbach,http://imdb.com/name/nm0000876/
The Taking of Pelham One Two Three,1974,http://www.imdb.com/title/tt0072251/,,,Directed by,Joseph Sargent,http://imdb.com/name/nm0765121/
The Warriors,1979,http://www.imdb.com/title/tt0080120/,TheWarriors_pf,Courtesy of Photofest,Directed by,Walter Hill,http://imdb.com/name/nm0001353/
The Warriors,1979,http://www.imdb.com/title/tt0080120/,TheWarriors2_pf,Courtesy of Photofest,Directed by,Walter Hill,http://imdb.com/name/nm0001353/
The Wiz,1978,http://www.imdb.com/title/tt0078504/,,,Directed by,Sidney Lumet,http://imdb.com/name/nm0001486/
The Wrong Man,1956,http://imdb.com/title/tt0051207/,TheWrongMan_ec,"Courtesy of Everett Collection, Inc.",Directed by,Alfred Hitchcock,http://imdb.com/name/nm0000033/
Three Days of the Condor,1975,http://www.imdb.com/title/tt0073802/,ThreeDaysoftheCondor_ec,"Courtesy of Everett Collection, Inc.",Directed by,Sydney Pollack,http://imdb.com/name/nm0001628/
Times Square,1980,http://www.imdb.com/title/tt0081635/,TimesSquare2_pf,Courtesy of Photofest,Directed by,Allan Moyle,http://imdb.com/name/nm0610496/
Tootsie,1982,http://www.imdb.com/title/tt0084805/,Tootsie_pf,Courtesy of Photofest,Directed by,Sydney Pollack,http://imdb.com/name/nm0001628/
Two for the Seesaw,1962,http://www.imdb.com/title/tt0056626/,,,Directed by,"Robert Wise
",http://imdb.com/name/nm0936404/
Up the Down Staircase,1967,http://www.imdb.com/title/tt0062425/,UpTheDownStaircase_pf,Courtesy of Photofest,Directed by,Robert Mulligan,http://imdb.com/name/nm0612322/
Up the Sandbox,1972,http://www.imdb.com/title/tt0069449/,UptheSandbox_pf,Courtesy of Photofest,Directed by,Irvin Kershner,http://imdb.com/name/nm0449984/
Up the Sandbox,1972,http://www.imdb.com/title/tt0069449/,UptheSandbox2_ec,"Courtesy of Everett Collection, Inc.",Directed by,Irvin Kershner,http://imdb.com/name/nm0449984/
Uptown Girls,2003,http://www.imdb.com/title/tt0263757/,,,Directed by,Boaz Yakin,http://imdb.com/name/nm0945026/
Vanilla Sky,2001,http://www.imdb.com/title/tt0259711/,VanillaSky_pf,Courtesy of Photofest,Directed by,Cameron Crowe,http://imdb.com/name/nm0001081/
Wall Street,1987,http://www.imdb.com/title/tt0094291/,WallStreet1_pf,Courtesy of Photofest,Directed by,Oliver Stone,http://imdb.com/name/nm0000231/
Wall Street,1987,http://www.imdb.com/title/tt0094291/,,,Directed by,Oliver Stone,http://imdb.com/name/nm0000231/
West Side Story,1961,http://imdb.com/title/tt0055614/,WestSideStory_pf,Courtesy of Photofest,Directed by,"Robert Wise,Jerome Robbins","http://imdb.com/name/nm0936404/,http://imdb.com/name/nm0730385/"
West Side Story,1961,http://imdb.com/title/tt0055614/,WestSideStory2_pf,Courtesy of Photofest,Directed by,"Robert Wise,Jerome Robbins","http://imdb.com/name/nm0936404/,http://imdb.com/name/nm0730385/"
When Harry Met Sally…,1989,http://www.imdb.com/title/tt0098635/,WhenHarryMetSally9_pf,"Courtesy of Everett Collection, Inc.",Directed by,Rob Reiner,http://www.imdb.com/name/nm0001661/
When Harry Met Sally…,1989,http://www.imdb.com/title/tt0098635/,WhenHarryMetSally9_pf,"Courtesy of Everett Collection, Inc.",Directed by,Rob Reiner,http://www.imdb.com/name/nm0001661/
Wolfen,1981,http://www.imdb.com/title/tt0083336/,,,Directed by,Michael Wadleigh,http://imdb.com/name/nm0905579/
Wolfen,1981,http://www.imdb.com/title/tt0083336/,,,Directed by,Michael Wadleigh,http://imdb.com/name/nm0905579/
Wolfen,1981,http://www.imdb.com/title/tt0083336/,,,Directed by,Michael Wadleigh,http://imdb.com/name/nm0905579/
Working Girl,1988,http://www.imdb.com/title/tt0096463/,WorkingGirl_pf,Courtesy of Photofest,Directed by,Mike Nichols,http://imdb.com/name/nm0001566/
You're a Big Boy Now,1966,http://www.imdb.com/title/tt0061209/,YoureaBigBoyNow_pf,Courtesy of Photofest,Directed by,Francis Ford Coppola,http://imdb.com/name/nm0000338/
You're a Big Boy Now,1966,http://www.imdb.com/title/tt0061209/,YoureaBigBoyNow2_pf,Courtesy of Photofest,Directed by,Francis Ford Coppola,http://imdb.com/name/nm0000338/
You've Got Mail,1998,http://www.imdb.com/title/tt0128853/,YouveGotMail1_pf,Courtesy of Photofest,Directed by,Nora Ephron,http://imdb.com/name/nm0001188/
You've Got Mail,1998,http://www.imdb.com/title/tt0128853/,YouveGotMail2_pf,Courtesy of Photofest,Directed by,Nora Ephron,http://imdb.com/name/nm0001188/